{
  "indexes": [
    {
      "collectionGroup": "items",
      "queryScope": "COLLECTION",
      "fields": [
        {
          "fieldPath": "itemId",
          "order": "ASCENDING"
        },
        {
          "fieldPath": "publishedDate",
          "order": "ASCENDING"
        }
      ]
    },
    {
      "collectionGroup": "items",
      "queryScope": "COLLECTION",
      "fields": [
        {
          "fieldPath": "itemId",
          "order": "ASCENDING"
        },
        {
          "fieldPath": "publishedDate",
          "order": "DESCENDING"
        }
      ]
    },
    {
      "collectionGroup": "items",
      "queryScope": "COLLECTION",
      "fields": [
        {
          "fieldPath": "sellerUID",
          "order": "ASCENDING"
        },
        {
          "fieldPath": "publishedDate",
          "order": "DESCENDING"
        }
      ]
    },
    {
      "collectionGroup": "orders",
      "queryScope": "COLLECTION",
      "fields": [
        {
          "fieldPath": "sellerUID",
          "order": "ASCENDING"
        },
        {
          "fieldPath": "status",
          "order": "ASCENDING"
        },
        {
          "fieldPath": "orderTime",
          "order": "DESCENDING"
        }
      ]
    },
    {
      "collectionGroup": "orders",
      "queryScope": "COLLECTION",
      "fields": [
        {
          "fieldPath": "status",
          "order": "ASCENDING"
        },
        {
          "fieldPath": "orderTime",
          "order": "ASCENDING"
        }
      ]
    },
    {
      "collectionGroup": "orders",
      "queryScope": "COLLECTION",
      "fields": [
        {
          "fieldPath": "status",
          "order": "ASCENDING"
        },
        {
          "fieldPath": "orderTime",
          "order": "DESCENDING"
        }
      ]
    }
  ],
  "fieldOverrides": []
}
